issn,publisher,title
2167-8359,PeerJ,PeerJ
2045-2322,Springer Nature,Scientific Reports
2050-084X,"""eLife Sciences Organisation, Ltd.""",eLife
1932-6203,Public Library of Science,PLoS ONE
1460-2059,Oxford University Press,Bioinformatics
1367-4803,Oxford University Press,Bioinformatics
1091-6490,Proceedings of the National Academy of Sciences,Proceedings of the National Academy of Sciences
0027-8424,Proceedings of the National Academy of Sciences,Proceedings of the National Academy of Sciences
1553-7358,Public Library of Science,PLoS Computational Biology
2041-1723,Springer Nature,Nature Communications
1553-7404,Public Library of Science,PLoS Genetics
0016-6731,The Genetics Society of America,Genetics
1362-4962,Oxford University Press,Nucleic Acids Research
0305-1048,Oxford University Press,Nucleic Acids Research
1943-2631,The Genetics Society of America,Genetics
2160-1836,The Genetics Society of America,G3 Genes|Genome|Genetics
1088-9051,Cold Spring Harbor Laboratory,Genome Research
1537-1719,Oxford University Press,Molecular Biology and Evolution
0737-4038,Oxford University Press,Molecular Biology and Evolution
1996-1073,MDPI AG,Energies
1424-8220,MDPI AG,Sensors
1471-2164,Springer (Biomed Central Ltd.),BMC Genomics
1422-0067,MDPI AG,International Journal of Molecular Sciences
1438-8871,JMIR Publications Inc.,Journal of Medical Internet Research
2071-1050,MDPI AG,Sustainability
1420-3049,MDPI AG,Molecules
1471-2105,Springer (Biomed Central Ltd.),BMC Bioinformatics
1529-2401,Society for Neuroscience,Journal of Neuroscience
0270-6474,Society for Neuroscience,Journal of Neuroscience
1759-6653,Oxford University Press,Genome Biology and Evolution
2376-5992,PeerJ,PeerJ Computer Science
1660-4601,MDPI AG,International Journal of Environmental Research and Public Health
1546-1718,Springer Nature,Nature Genetics
1061-4036,Springer Nature,Nature Genetics
1548-7105,Springer Nature,Nature Methods
1548-7091,Springer Nature,Nature Methods
1929-0748,JMIR Publications Inc.,JMIR Research Protocols
1996-1944,MDPI AG,Materials
2291-5222,JMIR Publications Inc.,JMIR mhealth and uhealth
1099-4300,MDPI AG,Entropy
0962-1083,Wiley (Blackwell Publishing),Molecular Ecology
2047-217X,Oxford University Press,GigaScience
2072-4292,MDPI AG,Remote Sensing
2072-6643,MDPI AG,Nutrients
1545-7885,Public Library of Science,PLoS Biology
1053-8119,Elsevier ,NeuroImage
1476-4687,Springer Nature,Nature
0028-0836,Springer Nature,Nature
2073-4441,MDPI AG,Water
1076-836X,Oxford University Press,Systematic Biology
1063-5157,Oxford University Press,Systematic Biology
2046-1402,"""F1000 Research, Ltd.""",F1000Research
0002-9297,Elsevier ,The American Journal of Human Genetics
2211-1247,Elsevier ,Cell Reports
2161-5063,American Chemical Society,ACS Synthetic Biology
0014-3820,Wiley (Blackwell Publishing),Evolution
1742-5689,The Royal Society,Journal of The Royal Society Interface
1742-5662,The Royal Society,Journal of The Royal Society Interface
1095-9203,American Association for the Advancement of Science (AAAS),Science
0036-8075,American Association for the Advancement of Science (AAAS),Science
1553-7374,Public Library of Science,PLoS Pathogens
2076-3417,MDPI AG,Applied Sciences
1935-2735,Public Library of Science,PLoS Neglected Tropical Diseases
1664-302X,Frontiers Media SA,Frontiers in Microbiology
0022-5193,Elsevier ,Journal of Theoretical Biology
0006-3495,Elsevier ,Biophysical Journal
1471-2954,The Royal Society,Proceedings of The Royal Society B Biological Sciences
0962-8452,The Royal Society,Proceedings of The Royal Society B Biological Sciences
1755-098X,Wiley (Blackwell Publishing),Molecular Ecology Resources
1546-1726,Springer Nature,Nature Neuroscience
1097-6256,Springer Nature,Nature Neuroscience
0028-646X,Wiley (Blackwell Publishing),New Phytologist
2075-4701,MDPI AG,Metals
2073-4360,MDPI AG,Polymers
2057-5858,Microbiology Society,Microbial Genomics
2045-7758,Wiley (John Wiley & Sons),Ecology and Evolution
2373-2822,Society for Neuroscience,eNeuro
2369-2960,JMIR Publications Inc.,JMIR Public Health and Surveillance
1756-994X,Springer (Biomed Central Ltd.),Genome Medicine
1522-1598,American Physiological Society,Journal of Neurophysiology
1460-2199,Oxford University Press,Cerebral Cortex
1047-3211,Oxford University Press,Cerebral Cortex
0022-3077,American Physiological Society,Journal of Neurophysiology
1751-7370,Springer Nature,The ISME Journal
1751-7362,Springer Nature,The ISME Journal
1460-2083,Oxford University Press,Human Molecular Genetics
0964-6906,Oxford University Press,Human Molecular Genetics
2075-4434,MDPI AG,Galaxies
2073-4352,MDPI AG,Crystals
1471-2148,Springer (Biomed Central Ltd.),BMC Evolutionary Biology
1083-351X,American Society for Biochemistry and Molecular Biology,Journal of Biological Chemistry
0040-5809,Elsevier ,Theoretical Population Biology
0021-9258,American Society for Biochemistry and Molecular Biology,Journal of Biological Chemistry
2368-7959,JMIR Publications Inc.,JMIR Mental Health
2054-5703,The Royal Society,Royal Society Open Science
1744-4292,EMBO,Molecular Systems Biology
1537-5323,The University of Chicago Press,The American Naturalist
0003-0147,The University of Chicago Press,The American Naturalist
2375-2548,American Association for the Advancement of Science (AAAS),Science Advances
2073-8994,MDPI AG,Symmetry
1949-2553,"""Impact Journals, LLC """,Oncotarget
1469-9001,Cold Spring Harbor Laboratory,RNA
1355-8382,Cold Spring Harbor Laboratory,RNA
1010-061X,Wiley (Blackwell Publishing),Journal of Evolutionary Biology
2397-334X,Springer Nature,Nature Ecology & Evolution
2073-4433,MDPI AG,Atmosphere
1999-4907,MDPI AG,Forests
1540-8140,The Rockefeller University Press,The Journal of Cell Biology
1065-9471,Wiley (John Wiley & Sons),Human Brain Mapping
0021-9525,The Rockefeller University Press,The Journal of Cell Biology
2150-7511,American Society for Microbiology,mBio
2052-4463,Springer Nature,Scientific Data
1999-4915,MDPI AG,Viruses
1752-0509,Springer (Biomed Central Ltd.),BMC Systems Biology
1460-2075,EMBO,The EMBO Journal
0261-4189,EMBO,The EMBO Journal
2072-666X,MDPI AG,Micromachines
1741-7007,Springer (Biomed Central Ltd.),BMC Biology
1662-453X,Frontiers Media SA,Frontiers in Neuroscience
1471-2970,The Royal Society,Philosophical Transactions of the Royal Society B Biological Sciences
1461-023X,Wiley (Blackwell Publishing),Ecology Letters
0962-8436,The Royal Society,Philosophical Transactions of the Royal Society B Biological Sciences
0896-6273,Elsevier ,Neuron
0012-1606,Elsevier ,Developmental Biology
2079-4991,MDPI AG,Nanomaterials
2073-4425,MDPI AG,Genes
2057-1577,Oxford University Press,Virus Evolution
2049-2618,Springer (Biomed Central Ltd.),Microbiome
2046-6390,The Company of Biologists,Biology Open
1477-9129,The Company of Biologists,Development
1462-2912,Wiley (Blackwell Publishing),Environmental Microbiology
1359-4184,Springer Nature,Molecular Psychiatry
0950-1991,The Company of Biologists,Development
2291-9694,JMIR Publications Inc.,JMIR Medical Informatics
2220-9964,MDPI AG,ISPRS International Journal of Geo-Information
2076-3263,MDPI AG,Geosciences
1664-8021,Frontiers Media SA,Frontiers in Genetics
1478-3975,IOP Publishing,Physical Biology
2079-6412,MDPI AG,Coatings
1546-1696,Springer Nature,Nature Biotechnology
1532-298X,American Society of Plant Biologists,The Plant Cell
1087-0156,Springer Nature,Nature Biotechnology
1040-4651,American Society of Plant Biologists,The Plant Cell
2405-4712,Elsevier ,Cell Systems
2292-9495,JMIR Publications Inc.,JMIR Human Factors
2227-7390,MDPI AG,Mathematics
2227-7080,MDPI AG,Technologies
1756-8935,Springer (Biomed Central Ltd.),Epigenetics & Chromatin
1745-6150,Springer (Biomed Central Ltd.),Biology Direct
0960-9822,Elsevier ,Current Biology
0887-3585,Wiley (John Wiley & Sons),Proteins Structure Function and Bioinformatics
2369-3762,JMIR Publications Inc.,JMIR Medical Education
2297-8747,MDPI AG,Mathematical and Computational Applications
2076-0760,MDPI AG,Social Sciences
2075-163X,MDPI AG,Minerals
2073-4344,MDPI AG,Catalysts
1664-462X,Frontiers Media SA,Frontiers in Plant Science
1530-8898,MIT Press,Journal of Cognitive Neuroscience
1477-4054,Oxford University Press,Briefings in Bioinformatics
1467-5463,Oxford University Press,Briefings in Bioinformatics
1464-6722,Wiley (Blackwell Publishing),Molecular Plant Pathology
1079-7114,American Physical Society,Physical Review Letters
0960-7412,Wiley (Blackwell Publishing),The Plant Journal
0959-437X,Elsevier ,Current Opinion in Genetics & Development
0953-816X,Wiley (Blackwell Publishing),European Journal of Neuroscience
0898-929X,MIT Press,Journal of Cognitive Neuroscience
0165-0270,Elsevier ,Journal of Neuroscience Methods
0032-0889,American Society of Plant Biologists,PLANT PHYSIOLOGY
0031-9007,American Physical Society,Physical Review Letters
2379-5077,American Society for Microbiology,mSystems
2072-6651,MDPI AG,Toxins
1662-5188,Frontiers Media SA,Frontiers in Computational Neuroscience
1662-5161,Frontiers Media SA,Frontiers in Human Neuroscience
1520-6106,American Chemical Society,The Journal of Physical Chemistry B
1520-5207,American Chemical Society,The Journal of Physical Chemistry B
0890-9369,Cold Spring Harbor Laboratory,Genes & Development
0741-0395,Wiley (John Wiley & Sons),Genetic Epidemiology
2306-5729,MDPI AG,Data
2227-9091,MDPI AG,Risks
2226-4310,MDPI AG,Aerospace
2158-3188,Springer Nature,Translational Psychiatry
2157-3999,Public Library of Science,PLoS Currents
2079-8954,MDPI AG,Systems
2046-2441,The Royal Society,Open Biology
1662-5196,Frontiers Media SA,Frontiers in Neuroinformatics
1567-1348,Elsevier ,Infection Genetics and Evolution
1537-6613,Oxford University Press,The Journal of Infectious Diseases
1535-9484,American Society for Biochemistry and Molecular Biology,Molecular & Cellular Proteomics
1535-9476,American Society for Biochemistry and Molecular Biology,Molecular & Cellular Proteomics
1476-5438,Springer Nature,European Journal of Human Genetics
1469-3178,EMBO,EMBO Reports
1469-221X,EMBO,EMBO Reports
1465-6906,Springer (Biomed Central Ltd.),Genome Biology
1432-1416,Springer-Verlag,Journal of Mathematical Biology
1018-4813,Springer Nature,European Journal of Human Genetics
0303-6812,Springer-Verlag,Journal of Mathematical Biology
0028-3932,Elsevier ,Neuropsychologia
0022-1899,Oxford University Press,The Journal of Infectious Diseases
0006-291X,Elsevier ,Biochemical and Biophysical Research Communications
2561-1011,JMIR Publications Inc.,JMIR Cardio
2369-2529,JMIR Publications Inc.,JMIR Rehabilitation and Assistive Technologies
2313-433X,MDPI AG,Journal of Imaging
2312-7481,MDPI AG,Magnetochemistry
2311-5521,MDPI AG,Fluids
2227-9717,MDPI AG,Processes
2218-1997,MDPI AG,Universe
2072-6694,MDPI AG,Cancers
2041-210X,Wiley (Blackwell Publishing),Methods in Ecology and Evolution
1758-0463,Oxford University Press,Database
1755-8794,Springer (Biomed Central Ltd.),BMC Medical Genomics
1752-4571,Wiley (Blackwell Publishing),Evolutionary Applications
1744-957X,The Royal Society,Biology Letters
1744-9561,The Royal Society,Biology Letters
1662-5102,Frontiers Media SA,Frontiers in Cellular Neuroscience
1660-3397,MDPI AG,Marine Drugs
1573-4951,Springer-Verlag,Journal of Computer-Aided Molecular Design
1557-8666,Mary Ann Liebert,Journal of Computational Biology
1551-4005,Landes Bioscience,Cell Cycle
1538-7445,American Association for Cancer Research,Cancer Research
1538-4101,Landes Bioscience,Cell Cycle
1535-3907,American Chemical Society,Journal of Proteome Research
1535-3893,American Chemical Society,Journal of Proteome Research
1530-0366,Springer Nature,Genetics in Medicine
1522-9602,Springer-Verlag,Bulletin of Mathematical Biology
1477-9137,The Company of Biologists,Journal of Cell Science
1470-8728,Portland Press,Biochemical Journal
1464-3685,Oxford University Press,International Journal of Epidemiology
1460-2431,Oxford University Press,Journal of Experimental Botany
1098-3600,Springer Nature,Genetics in Medicine
1055-7903,Elsevier ,Molecular Phylogenetics and Evolution
1046-2023,Elsevier ,Methods
0920-654X,Springer-Verlag,Journal of Computer-Aided Molecular Design
0906-7590,Wiley (Blackwell Publishing),Ecography
0894-0282,Scientific Societies,Molecular Plant-Microbe Interactions
0300-5771,Oxford University Press,International Journal of Epidemiology
0264-6021,Portland Press,Biochemical Journal
0092-8240,Springer-Verlag,Bulletin of Mathematical Biology
0022-0957,Oxford University Press,Journal of Experimental Botany
0021-9533,The Company of Biologists,Journal of Cell Science
0008-5472,American Association for Cancer Research,Cancer Research
2398-502X,"""F1000 Research, Ltd.""",Wellcome Open Research
2397-3374,Springer Nature,Nature Human Behaviour
2379-5042,American Society for Microbiology,mSphere
2379-3708,American Society for Clinical Investigation,JCI Insight
2369-1999,JMIR Publications Inc.,JMIR Cancer
2313-0105,MDPI AG,Batteries
2304-8158,MDPI AG,Foods
2227-9059,MDPI AG,Biomedicines
2227-7099,MDPI AG,Economies
2227-7072,MDPI AG,International Journal of Financial Studies
2158-0022,Mary Ann Liebert,Brain Connectivity
2158-0014,Mary Ann Liebert,Brain Connectivity
2152-7202,JMIR Publications Inc.,Journal of Participatory Medicine
2079-3197,MDPI AG,Computation
2076-3298,MDPI AG,Environments
2076-0817,MDPI AG,Pathogens
2073-4395,MDPI AG,Agronomy
2056-7944,Springer Nature,npj Genomic Medicine
1754-6834,Springer (Biomed Central Ltd.),Biotechnology for Biofuels
1754-2189,Springer Nature,Nature Protocols
1750-2799,Springer Nature,Nature Protocols
1615-9853,Wiley (John Wiley & Sons),PROTEOMICS
1573-6873,Springer-Verlag,Journal of Computational Neuroscience
1550-6606,The American Association of Immunologists,The Journal of Immunology
1477-9145,The Company of Biologists,Journal of Experimental Biology
1424-2818,MDPI AG,Diversity
1297-9686,Springer (Biomed Central Ltd.),Genetics Selection Evolution
1098-5336,American Society for Microbiology,Applied and Environmental Microbiology
1097-2765,Elsevier ,Molecular Cell
0929-5313,Springer-Verlag,Journal of Computational Neuroscience
0168-9525,Elsevier ,Trends in Genetics
0099-2240,American Society for Microbiology,Applied and Environmental Microbiology
0030-1299,Wiley (Blackwell Publishing),Oikos
0022-1767,The American Association of Immunologists,The Journal of Immunology
0022-0949,The Company of Biologists,Journal of Experimental Biology
0021-8790,Wiley (Blackwell Publishing),Journal of Animal Ecology
0018-067X,Springer Nature,Heredity
0012-9658,Wiley (John Wiley & Sons),Ecology
2472-1751,MIT Press,Network Neuroscience
2410-3896,MDPI AG,Condensed Matter
2409-515X,MDPI AG,International Journal of Neonatal Screening
2304-6767,MDPI AG,Dentistry Journal
2225-1154,MDPI AG,Climate
2223-7747,MDPI AG,Plants
2218-273X,MDPI AG,Biomolecules
2213-6711,Elsevier ,Stem Cell Reports
2156-7085,The Optical Society,Biomedical Optics Express
2150-8925,Wiley (John Wiley & Sons),Ecosphere
2079-7737,MDPI AG,Biology
2079-6382,MDPI AG,Antibiotics
2078-2489,MDPI AG,Information
2077-1312,MDPI AG,Journal of Marine Science and Engineering
2077-0472,MDPI AG,Agriculture
2077-0383,MDPI AG,Journal of Clinical Medicine
2076-3425,MDPI AG,Brain Sciences
2076-328X,MDPI AG,Behavioral Sciences
2076-2615,MDPI AG,Animals
2075-5309,MDPI AG,Buildings
2075-1729,MDPI AG,Life
2056-7189,Springer Nature,npj Systems Biology and Applications
1999-4923,MDPI AG,Pharmaceutics
1999-4893,MDPI AG,Algorithms
1946-6242,American Association for the Advancement of Science (AAAS),Science Translational Medicine
1946-6234,American Association for the Advancement of Science (AAAS),Science Translational Medicine
1939-4586,American Society for Cell Biology,Molecular Biology of the Cell
1929-073X,JMIR Publications Inc.,Interactive Journal of Medical Research
1744-6848,The Royal Society of Chemistry,Soft Matter
1744-683X,The Royal Society of Chemistry,Soft Matter
1664-1078,Frontiers Media SA,Frontiers in Psychology
1662-5137,Frontiers Media SA,Frontiers in Systems Neuroscience
1552-5007,Wiley (John Wiley & Sons),Journal of Experimental Zoology Part B Molecular and Developmental Evolution
1549-9626,American Chemical Society,Journal of Chemical Theory and Computation
1549-9618,American Chemical Society,Journal of Chemical Theory and Computation
1545-9993,Springer Nature,Nature Structural & Molecular Biology
1545-9985,Springer Nature,Nature Structural & Molecular Biology
1534-7362,Association for Research in Vision and Ophthalmology (ARVO),Journal of Vision
1530-888X,MIT Press,Neural Computation
1520-4995,American Chemical Society,Biochemistry
1468-4357,Oxford University Press,Biostatistics
1465-4644,Oxford University Press,Biostatistics
1432-1211,Springer-Verlag,Immunogenetics
1432-1203,Springer-Verlag,Human Genetics
1356-9597,Wiley (Blackwell Publishing),Genes to Cells
1059-1524,American Society for Cell Biology,Molecular Biology of the Cell
1050-9631,Wiley (John Wiley & Sons),Hippocampus
1047-8477,Elsevier ,Journal of Structural Biology
0973-7731,Springer-Verlag,Journal of Genetics
0899-7667,MIT Press,Neural Computation
0749-503X,Wiley (Blackwell Publishing),Yeast
0340-6717,Springer-Verlag,Human Genetics
0140-7791,Wiley (Blackwell Publishing),Plant Cell & Environment
0093-7711,Springer-Verlag,Immunogenetics
0048-5772,Wiley (Blackwell Publishing),Psychophysiology
0031-949X,Scientific Societies,Phytopathology
0025-5564,Elsevier ,Mathematical Biosciences
0022-2836,Elsevier ,Journal of Molecular Biology
0022-1333,Springer-Verlag,Journal of Genetics
0010-9452,Elsevier ,Cortex
0006-2960,American Chemical Society,Biochemistry
2405-8440,Elsevier ,Heliyon
2371-4379,JMIR Publications Inc.,JMIR Diabetes
2313-4321,MDPI AG,Recycling
2306-5710,MDPI AG,Beverages
2305-6320,MDPI AG,Medicines
2297-8739,MDPI AG,Separations
2296-4185,Frontiers Media SA,Frontiers in Bioengineering and Biotechnology
2291-9279,JMIR Publications Inc.,JMIR Serious Games
2227-9709,MDPI AG,Informatics
2227-9032,MDPI AG,Healthcare
2213-1582,Elsevier ,NeuroImage Clinical
2079-4983,MDPI AG,Journal of Functional Biomaterials
2077-1444,MDPI AG,Religions
2076-3921,MDPI AG,Antioxidants
2075-4663,MDPI AG,Sports
2073-431X,MDPI AG,Computers
2059-7983,International Union of Crystallography,Acta Crystallographica Section D Structural Biology
2058-5276,Springer Nature,Nature Microbiology
2055-0278,Springer Nature,Nature Plants
2050-0068,Wiley (John Wiley & Sons),Clinical & Translational Immunology
1940-9818,Future Science,BioTechniques
1932-6157,Institute of Mathematical Statistics,The Annals of Applied Statistics
1868-7083,Springer-Verlag,Clinical Epigenetics
1868-7075,Springer-Verlag,Clinical Epigenetics
1863-2661,Springer-Verlag,Brain Structure and Function
1863-2653,Springer-Verlag,Brain Structure and Function
1832-4274,Cambridge University Press,Twin Research and Human Genetics
1758-2229,Wiley (Blackwell Publishing),Environmental Microbiology Reports
1757-9708,The Royal Society of Chemistry,Integrative Biology
1757-9694,The Royal Society of Chemistry,Integrative Biology
1746-4811,Springer (Biomed Central Ltd.),Plant Methods
1741-7015,Springer (Biomed Central Ltd.),BMC Medicine
1740-634X,Springer Nature,Neuropsychopharmacology
1674-2052,Elsevier ,Molecular Plant
1664-3224,Frontiers Media SA,Frontiers in Immunology
1662-5153,Frontiers Media SA,Frontiers in Behavioral Neuroscience
1573-6792,Springer-Verlag,Brain Topography
1549-960X,American Chemical Society,Journal of Chemical Information and Modeling
1549-9596,American Chemical Society,Journal of Chemical Information and Modeling
1549-1676,Public Library of Science,PLoS Medicine
1520-6882,American Chemical Society,Analytical Chemistry
1475-2875,Springer (Biomed Central Ltd.),Malaria Journal
1469-8978,Cambridge University Press,Psychological Medicine
1466-822X,Wiley (Blackwell Publishing),Global Ecology and Biogeography
1465-7279,Oxford University Press,Behavioral Ecology
1465-2080,Microbiology Society,Microbiology
1432-1432,Springer-Verlag,Journal of Molecular Evolution
1422-8599,MDPI AG,Molbank
1350-0872,Microbiology Society,Microbiology
1098-5514,American Society for Microbiology,Journal of Virology
1089-7690,American Institute of Physics,The Journal of Chemical Physics
1066-5277,Mary Ann Liebert,Journal of Computational Biology
1059-7794,Wiley (John Wiley & Sons),Human Mutation
1045-2249,Oxford University Press,Behavioral Ecology
0961-8368,Wiley (John Wiley & Sons),Protein Science
0950-9232,Springer Nature,Oncogene
0896-0267,Springer-Verlag,Brain Topography
0893-133X,Springer Nature,Neuropsychopharmacology
0888-7543,Elsevier ,Genomics
0736-6205,Future Science,BioTechniques
0304-3940,Elsevier ,Neuroscience Letters
0198-8859,Elsevier ,Human Immunology
0149-7634,Elsevier ,Neuroscience & Biobehavioral Reviews
0033-2917,Cambridge University Press,Psychological Medicine
0022-538X,American Society for Microbiology,Journal of Virology
0022-2844,Springer-Verlag,Journal of Molecular Evolution
0021-9606,American Institute of Physics,The Journal of Chemical Physics
0014-5793,Wiley (John Wiley & Sons),FEBS Letters
0003-2700,American Chemical Society,Analytical Chemistry
0002-9483,Wiley (John Wiley & Sons),American Journal of Physical Anthropology
2561-326X,JMIR Publications Inc.,JMIR Formative Research
2475-4455,Wiley (John Wiley & Sons),Plant Direct
2411-9660,MDPI AG,Designs
2409-9287,MDPI AG,Philosophies
2352-3964,Elsevier ,EBioMedicine
2329-423X,SPIE - International Society for Optical Engineering,Neurophotonics
2311-5637,MDPI AG,Fermentation
2309-608X,MDPI AG,Journal of Fungi
2306-7381,MDPI AG,Veterinary Sciences
2306-5354,MDPI AG,Bioengineering
2306-5338,MDPI AG,Hydrology
2304-6775,MDPI AG,Publications
2304-6740,MDPI AG,Inorganics
2227-7102,MDPI AG,Education Sciences
2222-1751,Springer Nature,Emerging Microbes & Infections
2218-0532,MDPI AG,Scientia Pharmaceutica
2079-9284,MDPI AG,Cosmetics
2079-6439,MDPI AG,Fibers
2079-6374,MDPI AG,Biosensors
2078-1547,MDPI AG,Challenges
2077-0375,MDPI AG,Membranes
2076-393X,MDPI AG,Vaccines
2076-0752,MDPI AG,Arts
2075-4698,MDPI AG,Societies
2075-4450,MDPI AG,Insects
2075-4442,MDPI AG,Lubricants
2075-1702,MDPI AG,Machines
2073-4409,MDPI AG,Cells
2058-8615,Springer (Biomed Central Ltd.),Research Integrity and Peer Review
2056-5623,"""Future Science, LTD""",Future Science OA
2041-9139,Springer (Biomed Central Ltd.),EvoDevo
2041-6539,The Royal Society of Chemistry,Chemical Science
2041-6520,The Royal Society of Chemistry,Chemical Science
2041-1480,Springer (Biomed Central Ltd.),Journal of Biomedical Semantics
2040-2392,Springer (Biomed Central Ltd.),Molecular Autism
1999-5903,MDPI AG,Future Internet
1948-7193,American Chemical Society,ACS Chemical Neuroscience
1945-4589,"""Impact Journals, LLC """,Aging
1940-3372,The Plant Genome,The Plant Genome
1940-087X,MyJoVE Corporation,Journal of Visualized Experiments
1935-861X,Elsevier ,Brain Stimulation
1911-8074,MDPI AG,Journal of Risk and Financial Management
1874-1746,Springer-Verlag,Theoretical Ecology
1874-1738,Springer-Verlag,Theoretical Ecology
1872-4973,Elsevier ,Forensic Science International Genetics
1759-8753,Springer (Biomed Central Ltd.),Mobile DNA
1757-6334,World Scientific ,Journal of Bioinformatics and Computational Biology
1756-0500,Springer (Biomed Central Ltd.),BMC Research Notes
1755-4365,Elsevier ,Epidemics
1754-8411,The Company of Biologists,Disease Models & Mechanisms
1754-8403,The Company of Biologists,Disease Models & Mechanisms
1749-8104,Springer (Biomed Central Ltd.),Neural Development
1749-5024,Oxford University Press,Social Cognitive and Affective Neuroscience
1749-5016,Oxford University Press,Social Cognitive and Affective Neuroscience
1687-9678,Hindawi Publishing Corporation (Sage-Hindawi Access to Research),Stem Cells International
1687-966X,Hindawi Publishing Corporation (Sage-Hindawi Access to Research),Stem Cells International
1664-042X,Frontiers Media SA,Frontiers in Physiology
1662-5110,Frontiers Media SA,Frontiers in Neural Circuits
1601-1848,Wiley (Blackwell Publishing),Genes Brain & Behavior
1574-6968,Oxford University Press,FEMS Microbiology Letters
1572-9699,Springer-Verlag,Antonie van Leeuwenhoek
1558-2531,Institute of Electrical and Electronics Engineers,IEEE Transactions on Biomedical Engineering
1555-8584,Landes Bioscience,RNA Biology
1554-8937,American Chemical Society,ACS Chemical Biology
1554-8929,American Chemical Society,ACS Chemical Biology
1552-4469,Springer Nature,Nature Chemical Biology
1552-4450,Springer Nature,Nature Chemical Biology
1550-2376,American Physical Society,Physical Review E
1547-6286,Landes Bioscience,RNA Biology
1545-5963,Institute of Electrical and Electronics Engineers,IEEE/ACM Transactions on Computational Biology and Bioinformatics
1539-3755,American Physical Society,Physical Review E
1537-6591,Oxford University Press,Clinical Infectious Diseases
1537-2197,Wiley (John Wiley & Sons),American Journal of Botany
1534-5807,Elsevier ,Developmental Cell
1530-8561,American Association for Clinical Chemistry,Clinical Chemistry
1476-4679,Springer Nature,Nature Cell Biology
1473-0197,The Royal Society of Chemistry,Lab on a Chip
1473-0189,The Royal Society of Chemistry,Lab on a Chip
1471-9053,Oxford University Press,Plant and Cell Physiology
1471-2229,Springer (Biomed Central Ltd.),BMC Plant Biology
1471-2180,Springer (Biomed Central Ltd.),BMC Microbiology
1471-2156,Springer (Biomed Central Ltd.),BMC Genetics
1471-0064,Springer Nature,Nature Reviews Genetics
1471-0056,Springer Nature,Nature Reviews Genetics
1465-7392,Springer Nature,Nature Cell Biology
1460-2091,Oxford University Press,Journal of Antimicrobial Chemotherapy
1432-1939,Springer-Verlag,Oecologia
1398-9219,Wiley (Blackwell Publishing),Traffic
1369-5274,Elsevier ,Current Opinion in Microbiology
1354-1013,Wiley (Blackwell Publishing),Global Change Biology
1176-9343,"""Libertas Academica, Ltd.""",Evolutionary Bioinformatics
1098-6596,American Society for Microbiology,Antimicrobial Agents and Chemotherapy
1096-6080,Oxford University Press,Toxicological Sciences
1096-0929,Oxford University Press,Toxicological Sciences
1094-4087,The Optical Society,Optics Express
1058-4838,Oxford University Press,Clinical Infectious Diseases
1051-0761,Wiley (John Wiley & Sons),Ecological Applications
0959-4388,Elsevier ,Current Opinion in Neurobiology
0893-7648,Springer-Verlag,Molecular Neurobiology
0378-1119,Elsevier ,Gene
0305-7453,Oxford University Press,Journal of Antimicrobial Chemotherapy
0304-4165,Elsevier ,Biochimica et Biophysica Acta (BBA) - General Subjects
0219-7200,World Scientific ,Journal of Bioinformatics and Computational Biology
0214-6282,UPV/EHU Press,The International Journal of Developmental Biology
0092-8674,Elsevier ,Cell
0066-4804,American Society for Microbiology,Antimicrobial Agents and Chemotherapy
0032-0781,Oxford University Press,Plant and Cell Physiology
0029-8549,Springer-Verlag,Oecologia
0022-1910,Elsevier ,Journal of Insect Physiology
0022-1503,Oxford University Press,Journal of Heredity
0021-9967,Wiley (John Wiley & Sons),The Journal of Comparative Neurology
0018-9294,Institute of Electrical and Electronics Engineers,IEEE Transactions on Biomedical Engineering
0009-9147,American Association for Clinical Chemistry,Clinical Chemistry
0006-3592,Wiley (John Wiley & Sons),Biotechnology and Bioengineering
0006-3223,Elsevier ,Biological Psychiatry
0005-2736,Elsevier ,Biochimica et Biophysica Acta (BBA) - Biomembranes
0003-6072,Springer-Verlag,Antonie van Leeuwenhoek
0002-9122,Wiley (John Wiley & Sons),American Journal of Botany
2413-8851,MDPI AG,Urban Science
2412-3811,MDPI AG,Infrastructures
2411-5134,MDPI AG,Inventions
2398-5399,Open Access Text,Biomedical Genetics and Genomics
2373-8065,Springer Nature,npj Microgravity
2367-7163,Pensoft Publishers,Research Ideas and Outcomes
2332-7685,Institute of Electrical and Electronics Engineers,IEEE Life Sciences Letters
2324-8661,OMICS Publishing Group,Journal of Marine Biology & Oceanography
2314-6141,Hindawi Limited,BioMed Research International
2314-6133,Hindawi Limited,BioMed Research International
2313-7673,MDPI AG,Biomimetics
2311-5629,MDPI AG,C – Journal of Carbon Research
2305-7084,MDPI AG,ChemEngineering
2305-6304,MDPI AG,Toxics
2304-6732,MDPI AG,Photonics
2235-2988,Frontiers Media SA,Frontiers in Cellular and Infection Microbiology
2234-943X,Frontiers Media SA,Frontiers in Oncology
2227-9067,MDPI AG,Children
2227-9040,MDPI AG,Chemosensors
2227-7382,MDPI AG,Proteomes
2225-1146,MDPI AG,Econometrics
2218-2004,MDPI AG,Atoms
2218-1989,MDPI AG,Metabolites
2194-6302,Walter de Gruyter GmbH,Statistical Applications in Genetics and Molecular Biology
2169-0731,Landes Bioscience,Translation
2163-8306,Wiley (John Wiley & Sons),CPT Pharmacometrics & Systems Pharmacology
2160-3308,American Physical Society,Physical Review X
2090-3065,Hindawi Limited,Journal of Pathogens
2090-3057,Hindawi Limited,Journal of Pathogens
2079-9721,MDPI AG,Diseases
2079-9292,MDPI AG,Electronics
2079-9276,MDPI AG,Resources
2079-3200,MDPI AG,Journal of Intelligence
2076-3387,MDPI AG,Administrative Sciences
2076-3271,MDPI AG,Medical Sciences
2075-471X,MDPI AG,Laws
2075-4655,MDPI AG,Epigenomes
2075-4418,MDPI AG,Diagnostics
2075-1680,MDPI AG,Axioms
2073-4336,MDPI AG,Games
2051-817X,Wiley (Physiological Reports),Physiological Reports
2050-6201,Oxford University Press,Evolution Medicine and Public Health
2044-6055,BMJ,BMJ Open
2041-2649,Oxford University Press,Briefings in Functional Genomics
2041-2223,Springer (Biomed Central Ltd.),Investigative Genetics
2040-2511,The Royal Society of Chemistry,MedChemComm
2040-2503,The Royal Society of Chemistry,MedChemComm
1939-2087,American Psychological Association,Journal of Comparative Psychology
1936-1238,Annual Reviews,Annual Review of Biophysics
1936-122X,Annual Reviews,Annual Review of Biophysics
1934-2845,Springer-Verlag,Evolutionary Biology
1878-9293,Elsevier ,Developmental Cognitive Neuroscience
1878-6146,Elsevier ,Fungal Biology
1875-8908,IOS Press,Journal of Alzheimer s Disease
1758-535X,Oxford University Press,The Journals of Gerontology Series A
1758-2946,Springer (Biomed Central Ltd.),Journal of Cheminformatics
1757-4749,Springer (Biomed Central Ltd.),Gut Pathogens
1756-3305,Springer (Biomed Central Ltd.),Parasites & Vectors
1756-1663,Oxford University Press,DNA Research
1755-4349,Springer Nature,Nature Chemistry
1755-4330,Springer Nature,Nature Chemistry
1748-7838,Springer Nature,Cell Research
1748-7188,Springer (Biomed Central Ltd.),Algorithms for Molecular Biology
1748-3395,Springer Nature,Nature Nanotechnology
1748-3387,Springer Nature,Nature Nanotechnology
1746-8256,"""UKOLN, University of Bath""",International Journal of Digital Curation
1745-2481,Springer Nature,Nature Physics
1745-2473,Springer Nature,Nature Physics
1742-9994,Springer (Biomed Central Ltd.),Frontiers in Zoology
1742-206X,The Royal Society of Chemistry,Molecular BioSystems
1742-2051,The Royal Society of Chemistry,Molecular BioSystems
1741-2560,IOP Publishing,Journal of Neural Engineering
1741-2552,IOP Publishing,Journal of Neural Engineering
1687-4153,Springer (Biomed Central Ltd.),EURASIP Journal on Bioinformatics and Systems Biology
1674-8018,Springer-Verlag,Protein & Cell
1674-800X,Springer-Verlag,Protein & Cell
1663-4365,Frontiers Media SA,Frontiers in Aging Neuroscience
1662-5129,Frontiers Media SA,Frontiers in Neuroanatomy
1662-5099,Frontiers Media SA,Frontiers in Molecular Neuroscience
1614-7499,Springer-Verlag,Environmental Science and Pollution Research
1610-2940,Springer-Verlag,Journal of Molecular Modeling
1574-7891,Wiley (John Wiley & Sons),Molecular Oncology
1573-6903,Springer-Verlag,Neurochemical Research
1573-5117,Springer-Verlag,Hydrobiologia
1573-3890,Springer-Verlag,Metabolomics
1573-3882,Springer-Verlag,Metabolomics
1573-3297,Springer-Verlag,Behavior Genetics
1573-1464,Springer-Verlag,Biological Invasions
1570-9639,Elsevier ,Biochimica et Biophysica Acta (BBA) - Proteins and Proteomics
1567-1364,Oxford University Press,FEMS Yeast Research
1560-7917,European Centre for Disease Control and Prevention (ECDC),Eurosurveillance
1559-7016,SAGE Publications,Journal of Cerebral Blood Flow & Metabolism
1557-7023,Oxford University Press,Integrative and Comparative Biology
1552-5783,Association for Research in Vision and Ophthalmology (ARVO),Investigative Opthalmology & Visual Science
1552-5260,Elsevier ,Alzheimer s & Dementia
1552-4825,Wiley (John Wiley & Sons),American Journal of Medical Genetics Part A
1550-9109,Oxford University Press,SLEEP
1544-6115,Walter de Gruyter GmbH,Statistical Applications in Genetics and Molecular Biology
1540-9538,The Rockefeller University Press,Journal of Experimental Medicine
1540-7063,Oxford University Press,Integrative and Comparative Biology
1538-0254,Informa UK (Taylor & Francis),Journal of Biomolecular Structure and Dynamics
1531-135X,Springer - Psychonomic Society,Cognitive Affective & Behavioral Neuroscience
1530-7026,Springer - Psychonomic Society,Cognitive Affective & Behavioral Neuroscience
1530-6992,American Chemical Society,Nano Letters
1530-6984,American Chemical Society,Nano Letters
1530-6860,Federation of American Society for Experimental Biology,The FASEB Journal
1527-974X,Oxford University Press,Journal of the American Medical Informatics Association
1525-6014,Informa UK (Taylor & Francis),Drug and Chemical Toxicology
1522-9645,Oxford University Press,European Heart Journal
1521-0103,American Society for Pharmacology & Experimental Therapeutics,Journal of Pharmacology and Experimental Therapeutics
1477-0334,SAGE Publications,Statistical Methods in Medical Research
1474-9718,Wiley (Blackwell Publishing),Aging Cell
1473-1150,Springer Nature,The Pharmacogenomics Journal
1472-6750,Springer (Biomed Central Ltd.),BMC Biotechnology
1472-4677,Wiley (Blackwell Publishing),Geobiology
1471-2407,Springer (Biomed Central Ltd.),BMC Cancer
1471-2334,Springer (Biomed Central Ltd.),BMC Infectious Diseases
1471-2318,Springer (Biomed Central Ltd.),BMC Geriatrics
1471-2202,Springer (Biomed Central Ltd.),BMC Neuroscience
1471-2199,Springer (Biomed Central Ltd.),BMC Molecular Biology
1471-213X,Springer (Biomed Central Ltd.),BMC Developmental Biology
1470-8752,Portland Press,Biochemical Society Transactions
1470-269X,Springer Nature,The Pharmacogenomics Journal
1469-994X,Oxford University Press,Nicotine & Tobacco Research
1469-4409,Cambridge University Press,Epidemiology and Infection
1466-4879,Springer Nature,Genes and Immunity
1465-2099,Microbiology Society,Journal of General Virology
1464-7931,Wiley (Blackwell Publishing),Biological Reviews
1463-9084,The Royal Society of Chemistry,Physical Chemistry Chemical Physics
1463-9076,The Royal Society of Chemistry,Physical Chemistry Chemical Physics
1462-5814,Wiley (Blackwell Publishing),Cellular Microbiology
1462-2203,Oxford University Press,Nicotine & Tobacco Research
1432-2242,Springer-Verlag,Theoretical and Applied Genetics
1432-2056,Springer-Verlag,Polar Biology
1432-184X,Springer-Verlag,Microbial Ecology
1432-0983,Springer-Verlag,Current Genetics
1432-0770,Springer-Verlag,Biological Cybernetics
1432-0762,Springer-Verlag,Behavioral Ecology and Sociobiology
1399-0047,International Union of Crystallography,Acta Crystallographica Section D Biological Crystallography
1388-2457,Elsevier ,Clinical Neurophysiology
1387-3547,Springer-Verlag,Biological Invasions
1387-2877,IOS Press,Journal of Alzheimer s Disease
1364-6613,Elsevier ,Trends in Cognitive Sciences
1340-2838,Oxford University Press,DNA Research
1176-9351,"""Libertas Academica, Ltd.""",Cancer Informatics
1098-660X,American Society for Microbiology,Journal of Clinical Microbiology
1096-7176,Elsevier ,Metabolic Engineering
1090-5138,Elsevier ,Evolution and Human Behavior
1079-5006,Oxford University Press,The Journals of Gerontology Series A
1074-7427,Elsevier ,Neurobiology of Learning and Memory
1067-5027,Oxford University Press,Journal of the American Medical Informatics Association
1025-496X,European Centre for Disease Control and Prevention (ECDC),Eurosurveillance
1001-0602,Springer Nature,Cell Research
0973-7138,Springer-Verlag,Journal of Biosciences
0962-2802,SAGE Publications,Statistical Methods in Medical Research
0950-382X,Wiley (Blackwell Publishing),Molecular Microbiology
0950-2688,Cambridge University Press,Epidemiology and Infection
0948-5023,Springer-Verlag,Journal of Molecular Modeling
0944-1344,Springer-Verlag,Environmental Science and Pollution Research
0898-6568,Elsevier ,Cellular Signalling
0892-6638,Federation of American Society for Experimental Biology,The FASEB Journal
0888-8892,Wiley (Blackwell Publishing),Conservation Biology
0739-1102,Informa UK (Taylor & Francis),Journal of Biomolecular Structure and Dynamics
0735-7036,American Psychological Association,Journal of Comparative Psychology
0722-4060,Springer-Verlag,Polar Biology
0364-3190,Springer-Verlag,Neurochemical Research
0362-2525,Wiley (John Wiley & Sons),Journal of Morphology
0340-5443,Springer-Verlag,Behavioral Ecology and Sociobiology
0340-1200,Springer-Verlag,Biological Cybernetics
0306-4530,Elsevier ,Psychoneuroendocrinology
0303-2647,Elsevier ,Biosystems
0301-4622,Elsevier ,Biophysical Chemistry
0300-5127,Portland Press,Biochemical Society Transactions
0278-2626,Elsevier ,Brain and Cognition
0271-678X,SAGE Publications,Journal of Cerebral Blood Flow & Metabolism
0269-8463,Wiley (Blackwell Publishing),Functional Ecology
0268-9146,Wiley (Blackwell Publishing),Animal Genetics
0250-5991,Springer-Verlag,Journal of Biosciences
0197-3851,Wiley (John Wiley & Sons),Prenatal Diagnosis
0195-668X,Oxford University Press,European Heart Journal
0172-8083,Springer-Verlag,Current Genetics
0168-1656,Elsevier ,Journal of Biotechnology
0167-7055,Wiley (Blackwell Publishing),Computer Graphics Forum
0166-4328,Elsevier ,Behavioural Brain Research
0161-8105,Oxford University Press,SLEEP
0148-0545,Informa UK (Taylor & Francis),Drug and Chemical Toxicology
0095-3628,Springer-Verlag,Microbial Ecology
0095-1137,American Society for Microbiology,Journal of Clinical Microbiology
0091-3057,Elsevier ,Pharmacology Biochemistry and Behavior
0071-3260,Springer-Verlag,Evolutionary Biology
0048-9697,Elsevier ,The Science of The Total Environment
0042-6989,Elsevier ,Vision Research
0040-5752,Springer-Verlag,Theoretical and Applied Genetics
0039-128X,Elsevier ,Steroids
0022-3565,American Society for Pharmacology & Experimental Therapeutics,Journal of Pharmacology and Experimental Therapeutics
0022-2720,Wiley (Blackwell Publishing),Journal of Microscopy
0022-1317,Microbiology Society,Journal of General Virology
0022-1007,The Rockefeller University Press,Journal of Experimental Medicine
0021-8901,Wiley (Blackwell Publishing),Journal of Applied Ecology
0020-7519,Elsevier ,International Journal for Parasitology
0018-8158,Springer-Verlag,Hydrobiologia
0014-4827,Elsevier ,Experimental Cell Research
0002-9378,Elsevier ,American Journal of Obstetrics and Gynecology
0002-9262,Oxford University Press,American Journal of Epidemiology
0001-8244,Springer-Verlag,Behavior Genetics
2571-631X,MDPI AG,Vibration
2571-5135,MDPI AG,High-Throughput
2561-3278,JMIR Publications Inc.,JMIR Biomedical Engineering
2542-4823,IOS Press,Journal of Alzheimer s Disease Reports
2520-8217,Springer-Verlag,Journal of Paleolithic Archaeology
2520-2979,"""Centre of Sociological Research, NGO""",Journal of Sustainable Development of Transport and Logistics
2504-477X,MDPI AG,Journal of Composites Science
2504-2289,MDPI AG,Big Data and Cognitive Computing
2504-186X,MDPI AG,International Journal of Turbomachinery Propulsion and Power
2475-9066,The Open Journal,The Journal of Open Source Software
2473-4276,American Society of Clinical Oncology,JCO Clinical Cancer Informatics
2472-5560,SAGE Publications,SLAS DISCOVERY Advancing Life Sciences
2472-5552,SAGE Publications,SLAS DISCOVERY Advancing Life Sciences
2472-1727,Wiley (John Wiley & Sons),Birth Defects Research
2470-9476,American Association for the Advancement of Science (AAAS),Science Robotics
2470-1343,American Chemical Society,ACS Omega
2468-0672,Elsevier ,HardwareX
2455-7005,Journal of Applied Pharmacuetical Science,Journal of Applied Biology & Biotechnology
2452-0144,Elsevier ,Gene Reports
2451-9022,Elsevier ,Biological Psychiatry Cognitive Neuroscience and Neuroimaging
2414-4088,MDPI AG,Multimodal Technologies and Interaction
2411-5150,MDPI AG,Vision
2411-5142,MDPI AG,Journal of Functional Morphology and Kinesiology
2410-390X,MDPI AG,Instruments
2410-3888,MDPI AG,Fishes
2399-3642,Springer Nature,Communications Biology
2380-2359,Informa UK (Taylor & Francis),Mitochondrial DNA Part B
2376-7839,Ovid Technologies (Wolters Kluwer) - American Academy of Neurology,Neurology Genetics
2374-7951,American Chemical Society,ACS Central Science
2374-7943,American Chemical Society,ACS Central Science
2374-4677,Springer Nature,npj Breast Cancer
2373-2873,Cold Spring Harbor Laboratory,Molecular Case Studies
2373-2865,Cold Spring Harbor Laboratory,Molecular Case Studies
2366-6196,Springer (Biomed Central Ltd.),Cancer Convergence
2365-7154,Kernel Press UG,Genomics and Computational Biology
2364-4958,APD SKEG,Scientific Phone Apps and Mobile Devices
2352-8729,Elsevier ,Alzheimer s & Dementia Diagnosis Assessment & Disease Monitoring
2347-212X,Journal of Applied Pharmacuetical Science,Journal of Applied Biology & Biotechnology
2329-9460,Informa UK (Taylor & Francis),Journal of Responsible Innovation
2329-9037,Informa UK (Taylor & Francis),Journal of Responsible Innovation
2328-9503,Wiley (John Wiley & Sons),Annals of Clinical and Translational Neurology
2326-6074,American Association for Cancer Research,Cancer Immunology Research
2326-6066,American Association for Cancer Research,Cancer Immunology Research
2326-5191,Wiley (John Wiley & Sons),Arthritis & Rheumatology
2320-5407,International Journal Of Advanced Research,International Journal of Advanced Research
2319-7706,Excellent Publishers,International Journal of Current Microbiology and Applied Sciences
2319-7692,Excellent Publishers,International Journal of Current Microbiology and Applied Sciences
2313-576X,MDPI AG,Safety
2311-553X,MDPI AG,Non-Coding RNA
2310-2861,MDPI AG,Gels
2308-3417,MDPI AG,Geriatrics
2305-6290,MDPI AG,Logistics
2296-889X,Frontiers Media SA,Frontiers in Molecular Biosciences
2296-7745,Frontiers Media SA,Frontiers in Marine Science
2296-2646,Frontiers Media SA,Frontiers in Chemistry
2296-2565,Frontiers Media SA,Frontiers in Public Health
2224-073X,Informa UK (Taylor & Francis),African Zoology
2221-3759,MDPI AG,Journal of Developmental Biology
2218-6581,MDPI AG,Robotics
2214-5745,Elsevier ,Current Opinion in Insect Science
2214-5400,Elsevier ,Meta Gene
2213-5960,Elsevier ,Genomics Data
2212-8778,Elsevier ,Molecular Metabolism
2211-5463,Wiley (John Wiley & Sons),FEBS Open Bio
2211-3207,Elsevier ,International Journal for Parasitology Drugs and Drug Resistance
2206-7418,Ivyspring International Publisher,Nanotheranostics
2198-4026,Springer-Verlag,Brain Informatics
2198-4018,Springer-Verlag,Brain Informatics
2193-8660,Springer-Verlag,Culture and Brain
2193-8652,Springer-Verlag,Culture and Brain
2192-1709,Springer (Biomed Central Ltd.),Ecological Processes
2191-4281,Springer-Verlag,Arabian Journal for Science and Engineering
2190-5991,Wiley (John Wiley & Sons),Journal of Cachexia Sarcopenia and Muscle
2190-4286,Beilstein-Institut,Beilstein Journal of Nanotechnology
2189-4779,Biophysical Society of Japan,Biophysics and Physicobiology
2168-0450,Wiley (John Wiley & Sons),Applications in Plant Sciences
2167-4876,Springer-Verlag,Current Genetic Medicine Reports
2165-7890,OMICS Publishing Group,Autism - Open Access
2165-0497,American Society for Microbiology,Microbiology Spectrum
2164-6627,American Scientific Publishers,Advanced Science Engineering and Medicine
2162-3279,Wiley (John Wiley & Sons),Brain and Behavior
2159-8290,American Association for Cancer Research,Cancer Discovery
2159-8274,American Association for Cancer Research,Cancer Discovery
2159-2799,Landes Bioscience,Cellular Logistics
2158-2440,SAGE Publications,SAGE Open
2157-9024,Springer Nature,Oncogenesis
2157-846X,Springer Nature,Nature Biomedical Engineering
2155-3165,The Optical Society,Applied Optics
2153-0793,Springer-Verlag,Dynamic Games and Applications
2153-0785,Springer-Verlag,Dynamic Games and Applications
2150-5608,Landes Bioscience,Virulence
2150-5594,Landes Bioscience,Virulence
2150-4105,"""Scientific Research Publishing, Inc.""",Natural Science
2150-4091,"""Scientific Research Publishing, Inc.""",Natural Science
2150-1211,Informa UK (Taylor & Francis),Mycology&#58 An International Journal on Fungal Biology
2150-1203,Informa UK (Taylor & Francis),Mycology&#58 An International Journal on Fungal Biology
2149-9543,Strategic Public Management Journal,Strategic Public Management Journal
2147-5520,New Trends in Mathematical Science,New Trends in Mathematical Science
2110-5820,Springer (Biomed Central Ltd.),Annals of Intensive Care
2090-5904,Hindawi Limited,Neural Plasticity
2090-021X,Hindawi Limited,Journal of Nucleic Acids
2090-0201,Hindawi Limited,Journal of Nucleic Acids
2079-9268,MDPI AG,Journal of Low Power Electronics and Applications
2076-3905,MDPI AG,Microarrays
2076-2607,MDPI AG,Microorganisms
2076-0825,MDPI AG,Actuators
2076-0787,MDPI AG,Humanities
2075-4426,MDPI AG,Journal of Personalized Medicine
2073-445X,MDPI AG,Land
2059-3635,Springer Nature,Signal Transduction and Targeted Therapy
2058-5888,Oxford University Press,Environmental Epigenetics
2057-1976,IOP Publishing,Biomedical Physics & Engineering Express
2056-3744,Wiley (John Wiley & Sons),Evolution Letters
2055-7426,Springer (Biomed Central Ltd.),Contraception and Reproductive Medicine
2055-5008,Springer Nature,npj Biofilms and Microbiomes
2053-7166,Springer (Biomed Central Ltd.),Avian Research
2052-7276,Springer Nature,Horticulture Research
2052-4897,BMJ,BMJ Open Diabetes Research & Care
2051-5960,Springer (Biomed Central Ltd.),Acta Neuropathologica Communications
2051-3933,Springer (Biomed Central Ltd.),Movement Ecology
2051-1426,Springer (Biomed Central Ltd.),Journal for ImmunoTherapy of Cancer
2050-7283,Springer (Biomed Central Ltd.),BMC Psychology
2050-6511,Springer (Biomed Central Ltd.),BMC Pharmacology and Toxicology
2047-2994,Springer (Biomed Central Ltd.),Antimicrobial Resistance and Infection Control
2046-1682,Springer (Biomed Central Ltd.),BMC Biophysics
2045-8827,Wiley (John Wiley & Sons),MicrobiologyOpen
2045-7634,Wiley (John Wiley & Sons),Cancer Medicine
2045-4538,The Royal Society of Chemistry,Toxicology Research
2045-452X,The Royal Society of Chemistry,Toxicology Research
2044-5040,Springer (Biomed Central Ltd.),Skeletal Muscle
2041-6695,SAGE Publications,i-Perception
2041-4889,Springer Nature,Cell Death and Disease
2040-3372,The Royal Society of Chemistry,Nanoscale
2040-3364,The Royal Society of Chemistry,Nanoscale
2040-2309,Hindawi Limited,Journal of Healthcare Engineering
2040-2295,Hindawi Limited,Journal of Healthcare Engineering
2036-7481,PAGEPress Publications,Microbiology Research
2036-7473,PAGEPress Publications,Microbiology Research
2001-0370,Elsevier ,Computational and Structural Biotechnology Journal
1989-8436,OMICS Publishing Group,Archives of Clinical Microbiology
1949-1042,Landes Bioscience,Nucleus
1949-1034,Landes Bioscience,Nucleus
1948-7185,American Chemical Society,The Journal of Physical Chemistry Letters
1948-5182,Baishideng Publishing Group Co (World Journal of Hepatology),World Journal of Hepatology
1947-6043,SAGE Publications,Cartilage
1947-6035,SAGE Publications,Cartilage
1947-6027,"""Impact Journals, LLC """,Genes & Cancer
1947-5543,Mary Ann Liebert,Biopreservation and Biobanking
1947-5535,Mary Ann Liebert,Biopreservation and Biobanking
1945-7197,The Endocrine Society,The Journal of Clinical Endocrinology & Metabolism
1945-7170,The Endocrine Society,Endocrinology
1945-0877,American Association for the Advancement of Science (AAAS),Science Signaling
1943-6319,BioOne (National Shellfisheries Association),Journal of Shellfish Research
1943-4456,Cold Spring Harbor Laboratory,Cold Spring Harbor Symposia on Quantitative Biology
1943-393X,Springer - Psychonomic Society,Attention Perception & Psychophysics
1943-3921,Springer - Psychonomic Society,Attention Perception & Psychophysics
1943-0264,Cold Spring Harbor Laboratory,Cold Spring Harbor Perspectives in Biology
1942-3268,Ovid Technologies Wolters Kluwer -American Heart Association,Circulation Cardiovascular Genetics
1942-325X,Ovid Technologies Wolters Kluwer -American Heart Association,Circulation Cardiovascular Genetics
1940-9990,Institute of Electrical and Electronics Engineers,IEEE Transactions on Biomedical Circuits and Systems
1940-6215,American Association for Cancer Research,Cancer Prevention Research
1940-6207,American Association for Cancer Research,Cancer Prevention Research
1940-1744,Informa UK (Taylor & Francis),Mitochondrial DNA
1940-1736,Informa UK (Taylor & Francis),Mitochondrial DNA
1939-8697,The University of Chicago Press,Biological Bulletin
1939-3792,Wiley (John Wiley & Sons),Autism Research
1939-1285,American Psychological Association,Journal of Experimental Psychology Learning Memory and Cognition
1939-0084,American Psychological Association,Behavioral Neuroscience
1938-5129,BioOne (Cooper Ornithological Society),The Condor
1938-4351,BioOne (American Association of Avian Pathologists),Avian Diseases
1938-4254,BioOne (American Ornithologists Union),The Auk
1937-9145,American Association for the Advancement of Science (AAAS),Science Signaling
1936-5233,Elsevier ,Translational Oncology
1936-086X,American Chemical Society,ACS Nano
1936-0851,American Chemical Society,ACS Nano
1935-3456,Springer Nature,Mucosal Immunology
1933-0219,Springer Nature,Mucosal Immunology
1932-8486,Wiley (John Wiley & Sons),The Anatomical Record
1932-4545,Institute of Electrical and Electronics Engineers,IEEE Transactions on Biomedical Circuits and Systems
1931-7913,American Society for Cell Biology,CBE—Life Sciences Education
1931-3128,Elsevier ,Cell Host & Microbe
1930-7381,Wiley (Blackwell Publishing),Obesity
1879-6257,Elsevier ,Current Opinion in Virology
1876-4479,Oxford University Press,Journal of Crohn s and Colitis
1876-2018,Elsevier ,Asian Journal of Psychiatry
1874-9399,Elsevier ,Biochimica et Biophysica Acta (BBA) - Gene Regulatory Mechanisms
1873-9946,Oxford University Press,Journal of Crohn s and Colitis
1871-4099,Springer-Verlag,Cognitive Neurodynamics
1871-4080,Springer-Verlag,Cognitive Neurodynamics
1869-1889,Springer-Verlag,Science China Life Sciences
1868-6001,Springer-Verlag,Journal of Community Genetics
1868-310X,Springer-Verlag,Journal of Community Genetics
1868-1743,Wiley (John Wiley & Sons),Molecular Informatics
1867-2469,Springer-Verlag,Biophysical Reviews
1867-2450,Springer-Verlag,Biophysical Reviews
1867-1772,Springer-Verlag,Statistics in Biosciences
1867-1764,Springer-Verlag,Statistics in Biosciences
1865-1674,Wiley (Blackwell Publishing),Transboundary and Emerging Diseases
1861-9541,Springer-Verlag,Chinese Science Bulletin
1860-7179,Wiley (John Wiley & Sons),ChemMedChem
1860-1324,Pensoft Publishers,Deutsche Entomologische Zeitschrift
1838-7640,Ivyspring International Publisher,Theranostics
1759-4685,Oxford University Press,Journal of Molecular Cell Biology
1758-4469,Oxford University Press,Tree Physiology
1757-6512,Springer (Biomed Central Ltd.),Stem Cell Research & Therapy
1754-1611,Springer (Biomed Central Ltd.),Journal of Biological Engineering
1751-3766,Informa UK (Taylor & Francis),Journal of Biological Dynamics
1751-3758,Informa UK (Taylor & Francis),Journal of Biological Dynamics
1750-1326,Springer (Biomed Central Ltd.),Molecular Neurodegeneration
1750-1172,Springer (Biomed Central Ltd.),Orphanet Journal of Rare Diseases
1748-3190,IOP Publishing,Bioinspiration & Biomimetics
1747-5333,University of Illinois Libraries,Journal of Biomedical Discovery and Collaboration
1747-0927,Informa UK (Taylor & Francis),Social Neuroscience
1747-0919,Informa UK (Taylor & Francis),Social Neuroscience
1746-6148,Springer (Biomed Central Ltd.),BMC Veterinary Research
1745-7270,Oxford University Press,Acta Biochimica et Biophysica Sinica
1743-422X,Springer (Biomed Central Ltd.),Virology Journal
1742-7061,Elsevier ,Acta Biomaterialia
1742-6596,IOP Publishing,Journal of Physics Conference Series
1742-6588,IOP Publishing,Journal of Physics Conference Series
1742-4690,Springer (Biomed Central Ltd.),Retrovirology
1742-464X,Wiley (Blackwell Publishing),FEBS Journal
1742-2094,Springer (Biomed Central Ltd.),Journal of Neuroinflammation
1687-9716,Hindawi Limited,International Journal of Ecology
1687-9708,Hindawi Limited,International Journal of Ecology
1687-6342,Hindawi Limited,Advances in Pharmacological Sciences
1687-6334,Hindawi Limited,Advances in Pharmacological Sciences
1687-5443,Hindawi Limited,Neural Plasticity
1676-5680,Genetics and Molecular Research,Genetics and Molecular Research
1674-7305,Springer-Verlag,Science China Life Sciences
1674-2788,Oxford University Press,Journal of Molecular Cell Biology
1672-9609,Wiley (Blackwell Publishing),Insect Science
1672-0229,Elsevier ,Genomics Proteomics & Bioinformatics
1663-9812,Frontiers Media SA,Frontiers in Pharmacology
1662-999X,Springer-Verlag,Journal of Pseudo-Differential Operators and Applications
1662-9981,Springer-Verlag,Journal of Pseudo-Differential Operators and Applications
1661-8777,S. Karger AG,Molecular Syndromology
1661-8769,S. Karger AG,Molecular Syndromology
1618-2650,Springer-Verlag,Analytical and Bioanalytical Chemistry
1618-2642,Springer-Verlag,Analytical and Bioanalytical Chemistry
1616-1599,Inter-Research Science Center,Marine Ecology Progress Series
1615-6102,Springer-Verlag,PROTOPLASMA
1614-2950,Springer-Verlag,Tree Genetics & Genomes
1614-2942,Springer-Verlag,Tree Genetics & Genomes
1613-4990,Springer-Verlag,Microfluidics and Nanofluidics
1613-4982,Springer-Verlag,Microfluidics and Nanofluidics
1612-4677,Springer-Verlag,European Journal of Forest Research
1612-4669,Springer-Verlag,European Journal of Forest Research
1611-7530,Springer-Verlag,Theory in Biosciences
1601-5223,Springer (Biomed Central Ltd.),Hereditas
1591-9528,Springer-Verlag,Clinical and Experimental Medicine
1591-8890,Springer-Verlag,Clinical and Experimental Medicine
1588-2861,Springer-Verlag,Scientometrics
1579-1505,Springer-Verlag,Revista de la Real Academia de Ciencias Exactas Físicas y Naturales Serie A Matemáticas
1578-7303,Springer-Verlag,Revista de la Real Academia de Ciencias Exactas Físicas y Naturales Serie A Matemáticas
1574-6941,Oxford University Press,FEMS Microbiology Ecology
1573-8604,Springer-Verlag,International Journal of Primatology
1573-7217,Springer-Verlag,Breast Cancer Research and Treatment
1573-6881,Springer-Verlag,Journal of Bioenergetics and Biomembranes
1573-6849,Springer-Verlag,Chromosome Research
1573-6768,Springer-Verlag,Biogerontology
1573-5079,Springer-Verlag,Photosynthesis Research
1573-5044,Springer-Verlag,Plant Cell Tissue and Organ Culture (PCTOC)
1573-4919,Springer-Verlag,Molecular and Cellular Biochemistry
1573-3432,Springer-Verlag,Journal of Autism and Developmental Disorders
1573-2959,Springer-Verlag,Environmental Monitoring and Assessment
1573-2835,Springer-Verlag,Journal of Abnormal Child Psychology
1573-1561,Springer-Verlag,Journal of Chemical Ecology
1573-1499,Springer-Verlag,Computational Geosciences
1573-0875,Springer-Verlag,Origins of Life and Evolution of Biospheres
1572-9788,Springer-Verlag,Molecular Breeding
1572-9753,Springer-Verlag,Journal of Insect Conservation
1572-9516,Springer-Verlag,Foundations of Physics
1572-9265,Springer-Verlag,Numerical Algorithms
1572-8358,Springer-Verlag,Acta Biotheoretica
1569-8041,Oxford University Press,Annals of Oncology
1569-1993,Elsevier ,Journal of Cystic Fibrosis
1567-7249,Elsevier ,Mitochondrion
1562-7020,Informa UK (Taylor & Francis),African Zoology
1559-2308,Landes Bioscience,Epigenetics
1559-2294,Landes Bioscience,Epigenetics
1559-131X,Springer-Verlag,Medical Oncology
1559-128X,The Optical Society,Applied Optics
1558-2639,Institute of Electrical and Electronics Engineers,IEEE Transactions on NanoBioscience
1558-2256,Institute of Electrical and Electronics Engineers,Proceedings of the IEEE
1557-3265,American Association for Cancer Research,Clinical Cancer Research
1556-0864,Elsevier ,Journal of Thoracic Oncology
1555-8576,Landes Bioscience,Cancer Biology & Therapy
1552-4922,Wiley (John Wiley & Sons),Cytometry Part A
1552-4841,Wiley (John Wiley & Sons),American Journal of Medical Genetics Part B Neuropsychiatric Genetics
1552-4531,SAGE Publications,Journal of Biological Rhythms
1551-5044,SAGE Publications,Journal of Histochemistry & Cytochemistry
1551-5036,BioOne (Coastal Education and Research Foundation),Journal of Coastal Research
1551-0018,American Institute of Mathematical Sciences,Mathematical Biosciences and Engineering
1550-4131,Elsevier ,Cell Metabolism
1549-7836,Informa UK (Taylor & Francis),Critical Reviews in Plant Sciences
1549-5485,Cold Spring Harbor Laboratory,Learning & Memory
1545-5009,Wiley (John Wiley & Sons),Pediatric Blood & Cancer
1545-4304,Annual Reviews,The Annual Review of Pharmacology and Toxicology
1540-9295,Wiley (John Wiley & Sons),Frontiers in Ecology and the Environment
1539-2791,Springer-Verlag,Neuroinformatics
1538-4047,Landes Bioscience,Cancer Biology & Therapy
1536-1241,Institute of Electrical and Electronics Engineers,IEEE Transactions on NanoBioscience
1536-0040,Society for Industrial and Applied Mathematics,SIAM Journal on Applied Dynamical Systems
1535-7228,American Psychiatric Publishing,American Journal of Psychiatry
1535-4989,American Thoracic Society,American Journal of Respiratory Cell and Molecular Biology
1535-4970,American Thoracic Society,American Journal of Respiratory and Critical Care Medicine
1534-3170,Springer-Verlag,Current Cardiology Reports
1533-4880,American Scientific Publishers,Journal of Nanoscience and Nanotechnology
1533-4406,New England Journal of Medicine,New England Journal of Medicine
1532-1827,Springer Nature,British Journal of Cancer
1532-0456,Elsevier ,Comparative Biochemistry and Physiology Part C Toxicology & Pharmacology
1531-5320,Springer - Psychonomic Society,Psychonomic Bulletin & Review
1531-4650,Oxford University Press,The Quarterly Journal of Economics
1531-2267,American Physiological Society,Physiological Genomics
1526-954X,Wiley (John Wiley & Sons),genesis
1526-632X,Ovid Technologies (Wolters Kluwer) - American Academy of Neurology,Neurology
1525-4135,Ovid Technologies (Wolters Kluwer)  - Lippincott Williams & Wilkins,JAIDS Journal of Acquired Immune Deficiency Syndromes
1525-3961,Springer-Verlag,Journal of the Association for Research in Otolaryngology
1525-3163,Oxford University Press,Journal of Animal Science
1524-4571,Ovid Technologies Wolters Kluwer -American Heart Association,Circulation Research
1524-4563,Ovid Technologies Wolters Kluwer -American Heart Association,Hypertension
1523-5866,Oxford University Press,Neuro-Oncology
1523-3782,Springer-Verlag,Current Cardiology Reports
1522-8517,Oxford University Press,Neuro-Oncology
1522-1563,American Physiological Society,AJP Cell Physiology
1522-1466,American Physiological Society,AJP Renal Physiology
1521-6616,Elsevier ,Clinical Immunology
1521-0529,Informa UK (Taylor & Francis),Geomicrobiology Journal
1520-5827,American Chemical Society,Langmuir
1520-5134,American Chemical Society,Journal of Chemical & Engineering Data
1520-5126,American Chemical Society,Journal of the American Chemical Society
1520-4804,American Chemical Society,Journal of Medicinal Chemistry
1520-0442,American Meteorological Society,Journal of Climate
1492-7535,Wiley (Blackwell Publishing),Hemodialysis International
1480-3291,Canadian Science Publishing,Canadian Journal of Chemistry
1479-7364,Springer (Biomed Central Ltd.),Human Genomics
1479-6805,Bioscientifica,Journal of Endocrinology
1479-5876,Springer (Biomed Central Ltd.),Journal of Translational Medicine
1478-811X,Springer (Biomed Central Ltd.),Cell Communication and Signaling
1478-3967,IOP Publishing,Physical Biology
1476-945X,Elsevier ,Ecological Complexity
1476-9271,Elsevier ,Computational Biology and Chemistry
1476-5497,Springer Nature,International Journal of Obesity
1476-4660,Springer Nature,Nature Materials
1476-1122,Springer Nature,Nature Materials
1476-069X,Springer (Biomed Central Ltd.),Environmental Health
1475-6072,Cambridge University Press,Journal of Applied Probability
1475-2859,Springer (Biomed Central Ltd.),Microbial Cell Factories
1472-6785,Springer (Biomed Central Ltd.),BMC Ecology
1471-2962,The Royal Society,Philosophical Transactions of The Royal Society A Mathematical Physical and Engineering Sciences
1471-2474,Springer (Biomed Central Ltd.),BMC Musculoskeletal Disorders
1471-2458,Springer (Biomed Central Ltd.),BMC Public Health
1471-2350,Springer (Biomed Central Ltd.),BMC Medical Genetics
1471-2121,Springer (Biomed Central Ltd.),BMC Cell Biology
1471-0080,Springer Nature,Nature Reviews Molecular Cell Biology
1471-0072,Springer Nature,Nature Reviews Molecular Cell Biology
1471-0048,Springer Nature,Nature Reviews Neuroscience
1470-8736,Portland Press,Clinical Science
1470-160X,Elsevier ,Ecological Indicators
1469-8994,Cambridge University Press,Quarterly Reviews of Biophysics
1469-8161,Cambridge University Press,Parasitology
1469-5111,Oxford University Press,The International Journal of Neuropsychopharmacology
1468-330X,BMJ,Journal of Neurology Neurosurgery & Psychiatry
1468-2044,BMJ,Archives of Disease in Childhood
1467-937X,Oxford University Press,The Review of Economic Studies
1467-9280,SAGE Publications,Psychological Science
1467-2960,Wiley (Blackwell Publishing),Fish and Fisheries
1464-0686,Informa UK (Taylor & Francis),Memory
1461-1457,Oxford University Press,The International Journal of Neuropsychopharmacology
1460-2709,Oxford University Press,Medical Mycology
1460-2423,Oxford University Press,Glycobiology
1460-2407,Oxford University Press,MHR Basic science of reproductive medicine
1460-2350,Oxford University Press,Human Reproduction
1460-2105,Oxford University Press,JNCI Journal of the National Cancer Institute
1440-1703,Springer-Verlag,Ecological Research
1439-4227,Wiley (John Wiley & Sons),ChemBioChem
1439-1791,Elsevier ,Basic and Applied Ecology
1438-7573,Springer-Verlag,Journal of the Association for Research in Otolaryngology
1436-3305,Springer-Verlag,Gastric Cancer
1436-3291,Springer-Verlag,Gastric Cancer
1435-232X,Springer Nature,Journal of Human Genetics
1435-1951,Pensoft Publishers,Deutsche Entomologische Zeitschrift
1435-0629,Springer-Verlag,Ecosystems
1434-5161,Springer Nature,Journal of Human Genetics
1433-7851,Wiley (John Wiley & Sons),Angewandte Chemie International Edition
1432-9840,Springer-Verlag,Ecosystems
1432-2048,Springer-Verlag,Planta
1432-198X,Springer-Verlag,Pediatric Nephrology
1432-1904,Springer-Verlag,The Science of Nature
1432-1106,Springer-Verlag,Experimental Brain Research
1432-0886,Springer-Verlag,Chromosoma
1432-0843,Springer-Verlag,Cancer Chemotherapy and Pharmacology
1432-0738,Springer-Verlag,Archives of Toxicology
1432-0614,Springer-Verlag,Applied Microbiology and Biotechnology
1432-0533,Springer-Verlag,Acta Neuropathologica
1432-0428,Springer-Verlag,Diabetologia
1432-041X,Springer-Verlag,Development Genes and Evolution
1431-7613,Springer-Verlag,Theory in Biosciences
1430-2772,Springer-Verlag,Psychological Research
1424-8247,MDPI AG,Pharmaceuticals
1423-0062,S. Karger AG,Human Heredity
1421-9778,S. Karger AG,Cellular Physiology and Biochemistry
1421-9743,S. Karger AG,Brain Behavior and Evolution
1420-9071,Springer-Verlag,Cellular and Molecular Life Sciences
1420-682X,Springer-Verlag,Cellular and Molecular Life Sciences
1420-0597,Springer-Verlag,Computational Geosciences
1402-4896,IOP Publishing,Physica Scripta
1389-5729,Springer-Verlag,Biogerontology
1389-2037,Bentham Science,Current Protein and Peptide Science
1386-5056,Elsevier ,International Journal of Medical Informatics
1383-5769,Elsevier ,Parasitology International
1380-3743,Springer-Verlag,Molecular Breeding
1369-3786,Oxford University Press,Medical Mycology
1368-8375,Elsevier ,Oral Oncology
1366-9516,Wiley (Blackwell Publishing),Diversity and Distributions
1366-638X,Springer-Verlag,Journal of Insect Conservation
1364-8152,Elsevier ,Environmental Modelling & Software
1364-5528,The Royal Society of Chemistry,The Analyst
1364-503X,The Royal Society,Philosophical Transactions of The Royal Society A Mathematical Physical and Engineering Sciences
1361-6463,IOP Publishing,Journal of Physics D Applied Physics
1361-6404,IOP Publishing,European Journal of Physics
1360-9947,Oxford University Press,MHR Basic science of reproductive medicine
1357-0560,Springer-Verlag,Medical Oncology
1355-6215,Wiley (Blackwell Publishing),Addiction Biology
1351-0754,Wiley (Blackwell Publishing),European Journal of Soil Science
1350-9047,Springer Nature,Cell Death and Differentiation
1348-2246,Japan Society for Analytical Chemistry,Analytical Sciences
1338-5178,Slovak University of Agriculture in Nitra,Journal of Microbiology Biotechnology and Food Sciences
1303-5991,Ankara University,Communications Faculty Of Science University of Ankara Series A1Mathematics and Statistics
1286-4854,IOP Publishing - Europhysics Letters,EPL (Europhysics Letters)
1286-4579,Elsevier ,Microbes and Infection
1234-5678,London Mathematical Society,Proceedings of the London Mathematical Society
1201-9712,Elsevier ,International Journal of Infectious Diseases
1098-5530,American Society for Microbiology,Journal of Bacteriology
1098-5522,American Society for Microbiology,Infection and Immunity
1095-9289,Oxford University Press,ICES Journal of Marine Science
1095-8290,Oxford University Press,Annals of Botany
1095-6433,Elsevier ,Comparative Biochemistry and Physiology Part A Molecular & Integrative Physiology
1094-8341,American Physiological Society,Physiological Genomics
1093-3263,Elsevier ,Journal of Molecular Graphics and Modelling
1091-4269,Wiley (John Wiley & Sons),Depression and Anxiety
1089-7682,American Institute of Physics,Chaos An Interdisciplinary Journal of Nonlinear Science
1089-7623,American Institute of Physics,Review of Scientific Instruments
1084-9521,Elsevier ,Seminars in Cell and Developmental Biology
1083-8791,Elsevier ,Biology of Blood and Marrow Transplantation
1078-8956,Springer Nature,Nature Medicine
1078-0432,American Association for Cancer Research,Clinical Cancer Research
1077-4114,Ovid Technologies (Wolters Kluwer)  - Lippincott Williams & Wilkins,Journal of Pediatric Hematology/Oncology
1077-2626,Institute of Electrical and Electronics Engineers,IEEE Transactions on Visualization and Computer Graphics
1073-449X,American Thoracic Society,American Journal of Respiratory and Critical Care Medicine
1069-9384,Springer - Psychonomic Society,Psychonomic Bulletin & Review
1066-5099,Wiley (John Wiley & Sons),Stem Cells
1061-2971,Wiley (Blackwell Publishing),Restoration Ecology
1059-910X,Wiley (John Wiley & Sons),Microscopy Research and Technique
1054-3139,Oxford University Press,ICES Journal of Marine Science
1054-1500,American Institute of Physics,Chaos An Interdisciplinary Journal of Nonlinear Science
1053-8100,Elsevier ,Consciousness and Cognition
1052-3057,Elsevier ,Journal of Stroke and Cerebrovascular Diseases
1045-2257,Wiley (John Wiley & Sons),Genes Chromosomes and Cancer
1044-1549,American Thoracic Society,American Journal of Respiratory Cell and Molecular Biology
1042-8194,Informa UK (Taylor & Francis),Leukemia & Lymphoma
1041-1135,Institute of Electrical and Electronics Engineers,IEEE Photonics Technology Letters
1029-2403,Informa UK (Taylor & Francis),Leukemia & Lymphoma
1017-1398,Springer-Verlag,Numerical Algorithms
1015-8987,S. Karger AG,Cellular Physiology and Biochemistry
1007-9327,Baishideng Publishing Group Co ,World Journal of Gastroenterology
1001-6538,Springer-Verlag,Chinese Science Bulletin
0971-5916,Medknow Publications,The Indian Journal of Medical Research
0969-9961,Elsevier ,Neurobiology of Disease
0969-2126,Elsevier ,Structure
0967-3849,Springer-Verlag,Chromosome Research
0966-842X,Elsevier ,Trends in Microbiology
0965-8211,Informa UK (Taylor & Francis),Memory
0965-2140,Wiley (Blackwell Publishing),Addiction
0965-1748,Elsevier ,Insect Biochemistry and Molecular Biology
0962-1075,Wiley (Blackwell Publishing),Insect Molecular Biology
0959-8049,Elsevier ,European Journal of Cancer
0959-6658,Oxford University Press,Glycobiology
0959-440X,Elsevier ,Current Opinion in Structural Biology
0956-7976,SAGE Publications,Psychological Science
0956-5663,Elsevier ,Biosensors and Bioelectronics
0952-3480,Wiley (John Wiley & Sons),NMR in Biomedicine
0949-944X,Springer-Verlag,Development Genes and Evolution
0944-5013,Elsevier ,Microbiological Research
0942-0940,Springer-Verlag,Acta Neurochirurgica
0931-2048,Wiley (Blackwell Publishing),Journal of Applied Entomology
0931-041X,Springer-Verlag,Pediatric Nephrology
0928-4257,Elsevier ,Journal of Physiology-Paris
0925-4927,Elsevier ,Psychiatry Research Neuroimaging
0925-4773,Elsevier ,Mechanisms of Development
0925-4439,Elsevier ,Biochimica et Biophysica Acta (BBA) - Molecular Basis of Disease
0923-7534,Oxford University Press,Annals of Oncology
0920-9964,Elsevier ,Schizophrenia Research
0912-3814,Springer-Verlag,Ecological Research
0910-6340,Japan Society for Analytical Chemistry,Analytical Sciences
0896-8411,Elsevier ,Journal of Autoimmunity
0894-8755,American Meteorological Society,Journal of Climate
0894-1491,Wiley (John Wiley & Sons),Glia
0891-5849,Elsevier ,Free Radical Biology and Medicine
0891-0618,Elsevier ,Journal of Chemical Neuroanatomy
0829-318X,Oxford University Press,Tree Physiology
0803-5253,Wiley (Blackwell Publishing),Acta Paediatrica
0749-0208,BioOne (Coastal Education and Research Foundation),Journal of Coastal Research
0748-7304,SAGE Publications,Journal of Biological Rhythms
0743-7463,American Chemical Society,Langmuir
0740-0020,Elsevier ,Food Microbiology
0736-0266,Wiley (John Wiley & Sons),Journal of Orthopaedic Research®
0735-7044,American Psychological Association,Behavioral Neuroscience
0735-2689,Informa UK (Taylor & Francis),Critical Reviews in Plant Sciences
0730-8000,BioOne (National Shellfisheries Association),Journal of Shellfish Research
0378-8741,Elsevier ,Journal of Ethnopharmacology
0378-4371,Elsevier ,Physica A Statistical Mechanics and its Applications
0378-4274,Elsevier ,Toxicology Letters
0377-0427,Elsevier ,Journal of Computational and Applied Mathematics
0364-5134,Wiley (John Wiley & Sons),Annals of Neurology
0363-6143,American Physiological Society,AJP Cell Physiology
0362-2436,Ovid Technologies (Wolters Kluwer)  - Lippincott Williams & Wilkins,Spine
0362-1642,Annual Reviews,The Annual Review of Pharmacology and Toxicology
0361-9230,Elsevier ,Brain Research Bulletin
0344-5704,Springer-Verlag,Cancer Chemotherapy and Pharmacology
0340-5761,Springer-Verlag,Archives of Toxicology
0340-0727,Springer-Verlag,Psychological Research
0307-6962,Wiley (Blackwell Publishing),Physiological Entomology
0307-0565,Springer Nature,International Journal of Obesity
0306-9877,Elsevier ,Medical Hypotheses
0306-4565,Elsevier ,Journal of Thermal Biology
0305-7364,Oxford University Press,Annals of Botany
0304-3835,Elsevier ,Cancer Letters
0301-0511,Elsevier ,Biological Psychology
0300-9084,Elsevier ,Biochimie
0300-8177,Springer-Verlag,Molecular and Cellular Biochemistry
0300-5712,Elsevier ,Journal of Dentistry
0295-5075,IOP Publishing - Europhysics Letters,EPL (Europhysics Letters)
0278-7393,American Psychological Association,Journal of Experimental Psychology Learning Memory and Cognition
0268-1161,Oxford University Press,Human Reproduction
0265-9247,Wiley (John Wiley & Sons),BioEssays
0253-6102,IOP Publishing,Communications in Theoretical Physics
0233-111X,Wiley (John Wiley & Sons),Journal of Basic Microbiology
0198-8220,CrossRef test user,The Journal Of Test Deposits
0197-0186,Elsevier ,Neurochemistry International
0194-911X,Ovid Technologies Wolters Kluwer -American Heart Association,Hypertension
0175-7598,Springer-Verlag,Applied Microbiology and Biotechnology
0173-0835,Wiley (John Wiley & Sons),Electrophoresis
0171-8630,Inter-Research Science Center,Marine Ecology Progress Series
0169-6149,Springer-Verlag,Origins of Life and Evolution of Biospheres
0169-5347,Elsevier ,Trends in Ecology & Evolution
0168-9452,Elsevier ,Plant Science
0168-8278,Elsevier ,Journal of Hepatology
0168-1702,Elsevier ,Virus Research
0167-7799,Elsevier ,Trends in Biotechnology
0167-7322,Elsevier ,Journal of Molecular Liquids
0167-7012,Elsevier ,Journal of Microbiological Methods
0167-6857,Springer-Verlag,Plant Cell Tissue and Organ Culture (PCTOC)
0167-6806,Springer-Verlag,Breast Cancer Research and Treatment
0167-6369,Springer-Verlag,Environmental Monitoring and Assessment
0166-8595,Springer-Verlag,Photosynthesis Research
0166-445X,Elsevier ,Aquatic Toxicology
0165-1889,Elsevier ,Journal of Economic Dynamics and Control
0164-0291,Springer-Verlag,International Journal of Primatology
0162-3257,Springer-Verlag,Journal of Autism and Developmental Disorders
0161-6420,Elsevier ,Ophthalmology
0160-2896,Elsevier ,Intelligence
0149-0451,Informa UK (Taylor & Francis),Geomicrobiology Journal
0147-0272,Elsevier ,Current Problems in Cancer
0145-6008,Wiley (Blackwell Publishing),Alcoholism Clinical and Experimental Research
0145-479X,Springer-Verlag,Journal of Bioenergetics and Biomembranes
0143-5221,Portland Press,Clinical Science
0143-0807,IOP Publishing,European Journal of Physics
0142-9612,Elsevier ,Biomaterials
0141-1136,Elsevier ,Marine Environmental Research
0138-9130,Springer-Verlag,Scientometrics
0098-0331,Springer-Verlag,Journal of Chemical Ecology
0091-7451,Cold Spring Harbor Laboratory,Cold Spring Harbor Symposia on Quantitative Biology
0091-6749,Elsevier ,Journal of Allergy and Clinical Immunology
0091-3286,SPIE - International Society for Optical Engineering,Optical Engineering
0091-0627,Springer-Verlag,Journal of Abnormal Child Psychology
0077-8923,Wiley (Blackwell Publishing),Annals of the New York Academy of Sciences
0047-2484,Elsevier ,Journal of Human Evolution
0046-8177,Elsevier ,Human Pathology
0042-6822,Elsevier ,Virology
0041-0101,Elsevier ,Toxicon
0039-9140,Elsevier ,Talanta
0035-9009,Wiley (John Wiley & Sons),Quarterly Journal of the Royal Meteorological Society
0034-6748,American Institute of Physics,Review of Scientific Instruments
0034-6527,Oxford University Press,The Review of Economic Studies
0033-5835,Cambridge University Press,Quarterly Reviews of Biophysics
0033-5533,Oxford University Press,The Quarterly Journal of Economics
0033-183X,Springer-Verlag,PROTOPLASMA
0032-0935,Springer-Verlag,Planta
0032-0862,Wiley (Blackwell Publishing),Plant Pathology
0031-9317,Wiley (Blackwell Publishing),Physiologia Plantarum
0031-8949,IOP Publishing,Physica Scripta
0031-5850,Naturalis Biodiversity Center,Persoonia - Molecular Phylogeny and Evolution of Fungi
0031-3203,Elsevier ,Pattern Recognition
0031-1820,Cambridge University Press,Parasitology
0028-4793,New England Journal of Medicine,New England Journal of Medicine
0028-3878,Ovid Technologies (Wolters Kluwer) - American Academy of Neurology,Neurology
0028-1042,Springer-Verlag,The Science of Nature
0027-8874,Oxford University Press,JNCI Journal of the National Cancer Institute
0022-541X,Wiley (Blackwell Publishing),Journal of Wildlife Management
0022-3751,Wiley (Blackwell Publishing),The Journal of Physiology
0022-3727,IOP Publishing,Journal of Physics D Applied Physics
0022-3646,Wiley (Blackwell Publishing),Journal of Phycology
0022-3573,Wiley (Blackwell Publishing),Journal of Pharmacy and Pharmacology
0022-3050,BMJ,Journal of Neurology Neurosurgery & Psychiatry
0022-2828,Elsevier ,Journal of Molecular and Cellular Cardiology
0022-2623,American Chemical Society,Journal of Medicinal Chemistry
0022-1554,SAGE Publications,Journal of Histochemistry & Cytochemistry
0022-1112,Wiley (Blackwell Publishing),Journal of Fish Biology
0022-0795,Bioscientifica,Journal of Endocrinology
0022-0493,Oxford University Press,Journal of Economic Entomology
0022-0477,Wiley (Blackwell Publishing),Journal of Ecology
0021-972X,The Endocrine Society,The Journal of Clinical Endocrinology & Metabolism
0021-9568,American Chemical Society,Journal of Chemical & Engineering Data
0021-9541,Wiley (John Wiley & Sons),Journal of Cellular Physiology
0021-9193,American Society for Microbiology,Journal of Bacteriology
0021-9002,Cambridge University Press,Journal of Applied Probability
0021-8812,Oxford University Press,Journal of Animal Science
0021-8782,Wiley (Blackwell Publishing),Journal of Anatomy
0019-9567,American Society for Microbiology,Infection and Immunity
0018-9219,Institute of Electrical and Electronics Engineers,Proceedings of the IEEE
0018-442X,Elsevier ,HOMO
0016-6480,Elsevier ,General and Comparative Endocrinology
0016-5085,Elsevier ,Gastroenterology
0015-9018,Springer-Verlag,Foundations of Physics
0014-4819,Springer-Verlag,Experimental Brain Research
0012-8252,Elsevier ,Earth-Science Reviews
0012-186X,Springer-Verlag,Diabetologia
0010-5422,BioOne (Cooper Ornithological Society),The Condor
0010-0285,Elsevier ,Cognitive Psychology
0009-7330,Ovid Technologies Wolters Kluwer -American Heart Association,Circulation Research
0009-5915,Springer-Verlag,Chromosoma
0008-4042,Canadian Science Publishing,Canadian Journal of Chemistry
0007-0920,Springer Nature,British Journal of Cancer
0006-8993,Elsevier ,Brain Research
0006-8977,S. Karger AG,Brain Behavior and Evolution
0006-3185,The University of Chicago Press,Biological Bulletin
0005-2728,Elsevier ,Biochimica et Biophysica Acta (BBA) - Bioenergetics
0005-2086,BioOne (American Association of Avian Pathologists),Avian Diseases
0004-8038,BioOne (American Ornithologists Union),The Auk
0003-9888,BMJ,Archives of Disease in Childhood
0003-4800,Wiley (Blackwell Publishing),Annals of Human Genetics
0003-2654,The Royal Society of Chemistry,The Analyst
0002-953X,American Psychiatric Publishing,American Journal of Psychiatry
0002-7863,American Chemical Society,Journal of the American Chemical Society
0001-6322,Springer-Verlag,Acta Neuropathologica
0001-6268,Springer-Verlag,Acta Neurochirurgica
0001-5652,S. Karger AG,Human Heredity
0001-5342,Springer-Verlag,Acta Biotheoretica
